{
    "1": ["red", "rgb(239, 20, 20)", "rgb(252, 108, 108)"], 
    "2": ["green", "rgb(30, 229, 166)", "rgb(57, 254, 132)"],
    "3": ["blue", "rgb(32, 157, 246)", "rgb(126, 122, 243)"],
    "4": ["magenta", "rgb(176, 10, 231)", "rgb(212, 0, 255)"], 
    "5": ["yellow", "rgb(239, 188, 20)", "rgb(252, 252, 108)"], 
    "6": ["sky", "rgb(0, 238, 255)", "rgb(53, 162, 241)"], 
    "7": ["lime", "rgb(132, 204, 22)", "rgb(190, 242, 100)"], 
    "8": ["grey", "rgb(202, 202, 202)", "rgb(235, 235, 235)"], 
    "9": ["black", "rgb(29, 28, 32)", "rgb(44, 45, 45)"], 
    "10": ["pink", "rgb(255, 58, 156)", "rgb(247, 154, 204)"], 
    "11": ["orange", "rgb(249, 115, 22)", "rgb(255, 188, 80)"]
}